id,speechiness,valence,mode,liveness,key,danceability,loudness,acousticness,instrumentalness,energy,tempo
48bo7uexDvAThcRDvEB2W7,0.0525,0.35,1,0.135,7,0.546,-5.137,0.0133,0,0.878,119.945
6axAacuCsPeAStu4a2XZA0,0.0461,0.243,1,0.117,4,0.633,-5.053,0.0401,0.693,0.831,127.397
1H1oxYhlfYLmed6dHn03Kk,0.0666,0.334,0,0.108,11,0.322,-4.65,0.000438,0,0.894,146.683
14HIx1zYQLez1NxN9aeRkg,0.0318,0.718,1,0.138,1,0.487,-4.548,0.0755,0,0.878,158.104
0dcJ1SsbTmAvC3ZVvUYMIy,0.0578,0.39,1,0.47,5,0.447,-6.741,0.00114,0.00596,0.9,135.861
1c6dAF03e2zI4IbH9IE7cN,0.0373,0.553,1,0.362,9,0.473,-2.265,0.00222,0.429,0.698,132.982
2wg09UvwEDh5zOz08DNbAZ,0.0794,0.109,1,0.576,7,0.202,-3.96,0.000466,0.0235,0.972,165.043
1ZoDy49goOkZH0F327cmoY,0.0894,0.199,0,0.254,11,0.193,-3.835,0.00417,7.82e-06,0.882,160.037
5S7kFUo496CoItemffWQb9,0.0423,0.452,0,0.218,4,0.556,-5.792,0.0054,0,0.702,132.33
6EuSqrL9s4PywYiKPtDuT0,0.0284,0.611,0,0.111,4,0.649,-5.426,0.00982,0.000364,0.533,96.973
0oEweHsuQagFuqXct9UvBm,0.0403,0.818,0,0.0786,6,0.549,-3.991,0.000741,6.06e-06,0.755,139.034
76d991vOJOyIRsUdeciKjM,0.043,0.519,1,0.0927,0,0.534,-4.943,0.000102,0.00226,0.755,148.008
53L6A3I9vf7rgEZnMzx54E,0.0469,0.617,0,0.246,2,0.495,-5.336,0.0025,0.0783,0.931,104.05
3tRqWoZuQtOfG54Vd6nNdq,0.0427,0.438,0,0.183,2,0.536,-7.606,0.0036,0.668,0.73,97.206
31OaV0P9FVy0l0ITDoEoIa,0.24,0.612,1,0.115,0,0.452,-5.154,9.17e-05,0.156,0.882,168.994
4Sfa7hdVkqlM8UW5LsSY3F,0.0368,0.445,1,0.315,11,0.566,-5.526,0.0338,0,0.755,101.006
4GRaa1CkDXnZ4bLNw7aYFa,0.0916,0.753,1,0.142,9,0.501,-5.16,0.478,2.35e-05,0.928,159.787
1YM7fNEGrM1QSuRFHmIdQG,0.28,0.223,1,0.105,11,0.553,-2.93,0.314,0.0126,0.936,166.852
3LbXPKUPANdLSxENkV0i2f,0.0438,0.744,1,0.376,5,0.482,-5.484,0.000282,0,0.841,148.024
34v7Zs9a64h1xC3PWrmypP,0.0532,0.82,0,0.528,7,0.79,-4.704,0.0275,0.369,0.692,100.264
2zlOCBcS1CCIUkgpz78ahY,0.0313,0.308,0,0.288,7,0.577,-7.028,0.238,0.884,0.731,138.251
78XJJu79UWAK1vTrqdRqvh,0.0351,0.665,0,0.199,9,0.485,-4.614,8.84e-06,0.664,0.913,144.02
3tvhWi9FFi3UMBpviIMdlA,0.0586,0.318,0,0.154,4,0.388,-3.663,0.000978,0,0.896,81.414
5rL8ffbAjpGYroz3HfuiVl,0.0731,0.463,1,0.0721,2,0.56,-4.812,0.00239,0.00101,0.813,127.45
6ZpJrxd7zlclMxWLCcbxrW,0.0492,0.481,1,0.135,7,0.498,-6.048,0.51,0.0107,0.909,146.989
1fpfYMT2RTc5W3Zluq5xVA,0.487,0.777,1,0.164,2,0.685,-9.294,0.235,0,0.61,127.932
6JvfBzqZmSiEG5MjM7OcSY,0.336,0.661,1,0.109,1,0.637,-6.927,0.713,0.000113,0.503,81.061
564oa00vY05d1uYnTEAAmE,0.286,0.754,1,0.105,7,0.885,-5.487,0.656,4.42e-06,0.595,148.034
7L9g4cPfohScjJ8mGwLQWr,0.152,0.78,0,0.874,10,0.775,-5.339,0.397,0,0.707,104.979
5v0C3nNNDMhZ3nWzzP0W4T,0.0605,0.419,0,0.0938,4,0.795,-18.345,0.0273,0.000129,0.529,117.009
5mSJgLW43dmFEMK50ECr0S,0.0674,0.69,1,0.494,1,0.629,-5.414,0.0498,0.0104,0.749,130.016
60ZZNXIdwgUGkVGRt7foLT,0.786,0.295,0,0.308,9,0.442,-11.354,0.278,0,0.446,51.539
7jaYiqwCFQDdtxfQaSzZuM,0.193,0.405,0,0.0831,4,0.849,-7.069,0.0303,0,0.703,115.052
6CTG85NJI1Wm60pxTSRNwL,0.263,0.283,1,0.261,8,0.526,-4.576,0.316,0.000384,0.936,81.305
2FTGmG9PvlXEERkb1sYBE3,0.379,0.639,0,0.658,5,0.471,-6.852,0.116,0,0.839,115.79
4u8031pTkTODbRaDCbx8Yv,0.0581,0.738,0,0.116,10,0.787,-8.376,0.544,0.00148,0.579,81.68
6zWU7YALeEDMcPGhKKZJhV,0.26,0.364,0,0.248,6,0.686,-7.398,0.114,1.16e-06,0.592,89.013
15EPc80XuFrb2LmOzGjuRg,0.132,0.445,0,0.0864,1,0.728,-8.417,0.133,0,0.607,129.938
2Yi7Bh4OFdRfgzWptNR8Ob,0.0499,0.17,1,0.0779,3,0.762,-18.287,0.845,0.927,0.18,101.809
3eB4rqVk93cQpxXUtdZr5K,0.417,0.421,1,0.236,2,0.846,-8.415,0.509,2.76e-05,0.366,81.179
1NFjjAIK4IWjDLzpMry0Kp,0.0398,0.753,0,0.256,1,0.818,-4.219,0.0642,0.256,0.858,119.605
3g86N0SqyfxEVNMHlmW3RE,0.0376,0.736,0,0.0912,10,0.457,-5.61,0.209,5.11e-06,0.883,99.937
3kwRiuw2oJoArGs3EusCgn,0.0446,0.553,1,0.489,5,0.693,-8.435,0.192,0.000925,0.695,120.015
49sqQIS868rKIy5NBUmJV6,0.0428,0.645,0,0.424,5,0.649,-7.754,0.277,0.154,0.878,109.984
6FvjAQqC2L0B3TTANybitI,0.0541,0.171,1,0.0924,5,0.703,-14.283,0.852,0.637,0.237,107.992
43A8FeaAetF2Imc28DX29I,0.0301,0.277,0,0.109,10,0.623,-7.511,0.022,0.00108,0.647,107.996
3DjYU54tU6YCEy822r8TcY,0.245,0.329,0,0.0708,5,0.471,-7.782,0.363,0.000242,0.699,170.114
5lJH3o6AFW9Aig1CdRdAF1,0.337,0.199,0,0.676,5,0.323,-5.292,0.459,2.81e-06,0.558,73.552
1lRzHXieZLp1NNoqopBLkf,0.205,0.411,0,0.314,0,0.609,-4.113,0.12,0,0.684,169.765
49VY7zaIgfNI96qdK1Xi2l,0.248,0.0723,1,0.133,5,0.767,-9.231,0.739,0.903,0.532,80.032
6jl01C724Mk68qlOQLco5I,0.274,0.84,0,0.274,9,0.959,-8.145,0.316,0,0.524,119.933
3kxfsdsCpFgN412fpnW85Y,0.0794,0.587,1,0.137,1,0.743,-10.401,0.199,0.00611,0.359,160.083
2xD7RvKFJl52xyds3wQFXQ,0.258,0.488,0,0.101,2,0.578,-4.858,0.675,0.000178,0.77,160.862
5mHVURjIu3spVJSGjQ3kXS,0.0417,0.777,1,0.0624,5,0.638,-7.52,0.0447,0.411,0.834,100.038
5D75FuywOiKjfmpmmobk8v,0.0591,0.454,1,0.128,8,0.744,-5.92,0.00732,2.12e-06,0.716,100.048
4tfyFSSliCwsxCAVUBWyD8,0.121,0.228,0,0.119,11,0.43,-11.212,0.209,0,0.476,86.378
5FX89IUKm9QJT9ymrmyK4k,0.237,0.843,0,0.109,11,0.865,-7.359,0.223,5.39e-05,0.472,130.011
0HU8CeTestQjoRF2ekaLqx,0.247,0.695,0,0.108,6,0.735,-7.464,0.295,0,0.639,158.865
7HmCoTbkdV6BA8tPDBoyD9,0.307,0.68,0,0.0795,9,0.808,-6.464,0.273,0,0.856,100.196
276zciJ7Fg7Jk6Ta6QuLkp,0.124,0.919,0,0.296,10,0.82,-6.151,0.328,0.00155,0.908,98.381
5o2r7507gCOYdRMeR3noqZ,0.287,0.613,0,0.176,9,0.928,-9.35,0.105,0,0.481,134.007
6F609ICg9Spjrw1epsAnpa,0.249,0.347,0,0.113,10,0.607,-11.076,0.0773,0,0.476,122.976
11KJSRSgaDxqydKYiD2Jew,0.117,0.392,1,0.102,7,0.804,-7.805,0.0573,3.49e-05,0.648,117.983
1xznGGDReH1oQq0xzbwXa3,0.0532,0.371,1,0.351,1,0.791,-5.886,0.00784,0.00423,0.619,103.989
75Eyv6gTsLyP80G9fEizmw,0.0621,0.347,1,0.0705,6,0.369,-9.618,0.19,0.637,0.86,98.463
47Zqlw3jmibtVPy8usPjBj,0.176,0.569,0,0.373,5,0.575,-4.63,0.157,4.53e-06,0.916,92.063
60WcXjimfbhk6T0gj1Eufg,0.207,0.435,1,0.123,9,0.802,-4.781,0.14,0,0.785,99.998
6mZcNu9i8uhOYMiEAyEx81,0.251,0.637,0,0.0332,4,0.862,-7.401,0.0455,0,0.648,98.012
01VGA34ATxwp0Xo1ldduo2,0.115,0.325,1,0.171,8,0.652,-8.673,0.855,0,0.455,83.151
7ncDwhSTgCZuL3OZNkvZ97,0.174,0.327,0,0.103,10,0.709,-7.394,0.0334,1.7e-06,0.687,138.046
5u89YD9CJMFVfFqUoeGy2P,0.311,0.31,1,0.164,8,0.365,-6.957,0.291,0.00037,0.655,171.333
20wR5XQpaL1uvVY8gmc4uY,0.0658,0.589,1,0.521,2,0.768,-7.399,0.139,0,0.62,132.035
7nWxZ1OWN4gtVH1mplNRxV,0.415,0.316,0,0.0907,3,0.42,-7.113,0.516,0,0.726,76.585
6yIjZliWeKDstbA70wYwm0,0.254,0.232,0,0.0964,11,0.553,-10.602,0.66,0.00102,0.523,96.113
63PJEtaDQNx3BfJTqEY39c,0.0659,0.0485,1,0.258,2,0.436,-15.099,0.759,0.115,0.21,139.744
2rAtKDT2787d8drfCuoNfY,0.113,0.048,1,0.114,2,0.476,-15.176,0.774,0.00347,0.195,64.639
6Czb2BTCg2CMjbKFYNGTap,0.0805,0.179,0,0.294,10,0.391,-11.002,0.475,0,0.403,74.657
7iL6o9tox1zgHpKUfh9vuC,0.366,0.777,0,0.0708,6,0.899,-2.752,0.255,0,0.713,90.051
4Jp4T5gbCLQzGz545Jb3NY,0.289,0.501,1,0.0696,11,0.66,-1.768,0.0297,0,0.911,87.311
6mcu7D7QuABVwUGDwovOEh,0.277,0.856,0,0.024,11,0.886,-2.528,0.265,0,0.626,93.989
20D61egfxKE9pp3Ffx99Xz,0.24,0.713,0,0.869,5,0.427,-6.474,0.0778,0.184,0.879,93.347
68d6ZfyMUYURol2y15Ta2Y,0.142,0.476,0,0.689,9,0.457,-10.238,0.147,0.676,0.776,129.896
14NEfQx2TKjP3sPO2MaxJI,0.0808,0.429,1,0.0754,8,0.423,-9.982,0.00605,0.835,0.748,104.054
3rFzc8CLVDZ7OOtFa2jPYP,0.0497,0.583,0,0.11,5,0.488,-10.316,0.438,0.000279,0.476,110.951
1BWsQm7kOBjK2aSFYg5HQZ,0.074,0.228,0,0.701,4,0.426,-9.125,0.0642,0.765,0.754,167.42
49KJglv5FCTF9FYf8zJd3o,0.0633,0.869,1,0.265,5,0.591,-4.673,0.396,0.586,0.767,107.578
01gDLZsi0j5fWC28FLPNO8,0.0651,0.876,0,0.101,11,0.584,-6.534,0.141,0.501,0.975,138.341
7zEoae6QGC00PQodm9WId8,0.0651,0.362,1,0.0532,1,0.473,-3.419,0.099,0.0653,0.588,102.978
4l9hml2UCnxoNI3yCdL1BW,0.0382,0.277,0,0.109,0,0.438,-26.44,0.941,0.00643,0.00756,133.32
41fiRrzEqGo4pTVqXYrfnz,0.091,0.3,0,0.701,5,0.476,-9.451,0.0653,0.178,0.719,149.902
2A8jNnjXdIVZL7ishxTFaZ,0.109,0.72,0,0.319,10,0.601,-4.142,0.424,0.023,0.733,100.292
6v17POwEhOOqNuhV45CGPT,0.121,0.622,1,0.309,1,0.568,-5.66,0.216,0.287,0.681,93.947
0F845nujLVqCb0XMZCh5Pc,0.0406,0.292,0,0.0946,0,0.532,-19.136,0.94,0.00488,0.0657,128.607
3oD3ifhUOGAk8UgGo1dVwZ,0.0536,0.724,1,0.0898,0,0.469,-10.471,0.592,0.109,0.535,107.133
1YQWosTIljIvxAgHWTp7KP,0.0401,0.598,0,0.0675,8,0.454,-13.193,0.539,0.00078,0.26,174.322
0aWMVrwxPNYkKmFthzmpRi,0.0374,0.16,0,0.0978,2,0.421,-25.358,0.81,0.0021,0.0161,110.926
0iJeENttrA8iKssJMIbXkK,0.045,0.389,0,0.668,5,0.412,-10.754,0.131,0.896,0.49,95.001
49wGUI3kMeuHv0DhkgKlqt,0.0543,0.36,0,0.691,6,0.534,-8.948,0.0219,0.51,0.639,128.614
2Jim49nxjnjcTdyCJO4mr6,0.085,0.48,1,0.7,8,0.501,-9.7,0.0176,0.821,0.772,134.912
6OWVC6TXnczAnMmdu3JL7d,0.0372,0.306,0,0.156,5,0.369,-7.124,0.2,0,0.491,142.519
3VLdNTLmKpXu79TMCeRbLO,0.0289,0.168,1,0.118,6,0.537,-11.028,0.795,0.000146,0.279,104.403
5aagC9VbZrcwYUZDhgC8Ej,0.25,0.649,1,0.145,1,0.638,-4.912,0.111,5.89e-05,0.819,80.051
5pQBbNsXy9lUvskwfwq57u,0.0289,0.302,0,0.0606,11,0.468,-5.483,0.187,0,0.459,137.566
6YB9FPMp66TtLW9eDHcujI,0.0553,0.454,0,0.136,1,0.418,-6.395,0.171,0.0115,0.586,176.426
7dJVC2wjFU2xZlH5jwWWkQ,0.0382,0.0372,0,0.085,2,0.336,-17.945,0.979,9.44e-05,0.0259,87.072
4kRGpTEcDdZTAbc645OL2U,0.0321,0.296,0,0.112,11,0.64,-10.848,0.895,0.000585,0.33,80.706
20fLC33a0WZKS6nSAv92yy,0.0548,0.55,1,0.133,7,0.404,-6.861,0.907,0.205,0.584,173.078
0Zf5BJahvBQ6yLoCR6fPko,0.0331,0.643,1,0.325,8,0.441,-6.544,0.0533,0.000328,0.828,143.395
2iXdwVdzA0KrI2Q0iZNJbX,0.0522,0.659,1,0.108,5,0.871,-9.481,0.298,9.24e-06,0.346,110.049
1dnXuEuApvuVqQCn0v9McL,0.0264,0.556,1,0.104,0,0.766,-7.25,0.227,1.5e-05,0.547,105.01
0BgbobvykXxEvxo2HhCuvM,0.116,0.632,1,0.0931,7,0.814,-8.017,0.602,1.75e-05,0.373,114.55
2B98ljvzqpCVgt5reTHq28,0.0387,0.267,1,0.0791,2,0.445,-7.937,0.165,1.56e-05,0.671,125.712
3pLTOP0G0etiWUknFoRpsr,0.0406,0.337,1,0.093,4,0.576,-9.364,0.0606,0.000143,0.486,141.951
2m2dgHoAEZUkmxamsOwyQg,0.0288,0.283,1,0.0827,0,0.473,-11.1,0.721,7.42e-05,0.348,107.819
4oW5GocSTgcpbihQbQGX8D,0.0336,0.831,1,0.0897,7,0.688,-11.649,0.763,8.56e-06,0.454,129.975
3RKHTaha0FPoaOfpMXpQkJ,0.038,0.58,1,0.108,2,0.532,-16.841,0.886,0,0.154,134.066
4slAb4LDW7puHxO1SxBAtW,0.0385,0.688,1,0.0705,4,0.53,-9.719,0.767,0.000135,0.761,86.557
43JngJ3vMsaTL8SiRwEYQp,0.0295,0.704,0,0.196,2,0.746,-6.296,0.0649,0.000359,0.573,111.994
7BHPGtpuuWWsvE7cCaMuEU,0.0661,0.705,1,0.149,11,0.543,-6.159,0.0703,0,0.819,102.687
6ZygaqgtPkiahkiYJhYWhn,0.0411,0.348,1,0.123,1,0.631,-8.56,0.739,0,0.424,129.508
5xoUgPXbMNUmoHU0Enwtwq,0.0648,0.807,1,0.098,7,0.461,-5.402,0.276,0,0.8,77.086
5g56bV1M2Rr3GaMWrd4WLe,0.151,0.771,0,0.269,8,0.323,-4.333,0.0122,3.44e-05,0.941,160.11
6aLJ6bSpt3TN46raZ6QIx9,0.0911,0.486,1,0.118,11,0.314,-6.207,0.0267,3.33e-05,0.873,154.8
4q2VEshiq3kRonkIvflpay,0.0595,0.741,0,0.127,11,0.318,-4.554,0.00381,0,0.919,166.477
5UJGLQP5jfMZ5Ag1PpXO9o,0.0258,0.212,1,0.369,0,0.542,-4.729,0.0375,0.000221,0.675,101.752
5Q0uilamiVtrGSeqVPN9Dn,0.0264,0.144,0,0.114,1,0.619,-7.647,0.555,1.36e-06,0.362,103.028
3w3y8KPTfNeOKPiqUTakBh,0.0431,0.867,1,0.309,5,0.726,-4.165,0.049,0,0.698,143.994
55h7vJchibLdUkxdlX3fK7,0.0431,0.937,0,0.324,5,0.874,-5.28,0.0412,7.24e-05,0.692,116.017
3zSCNTXI7Ed0PiidZVmzIe,0.0473,0.802,1,0.0724,1,0.778,-6.144,0.0549,0,0.549,133.041
6w1DBbA8akxHPiBQ6nAyJq,0.102,0.902,0,0.0604,8,0.835,-4.771,0.0716,0,0.571,138.038
6DlbfXDexJ2sj4aEW5ODWP,0.173,0.812,1,0.0578,6,0.666,-4.407,0.488,0,0.602,139.856
4rHZZAmHpZrA3iH5zx8frV,0.0503,0.512,0,0.0946,5,0.574,-6.664,0.234,0,0.512,76.899
1AWQoqb9bSvzTjaLralEkT,0.14,0.818,0,0.0521,4,0.891,-6.055,0.202,0.000234,0.714,100.972
7jDrXytETzwnohhLL3J1A0,0.219,0.357,0,0.164,11,0.795,-3.799,0.103,0,0.596,101.985
76D83dghHeE2NFedPFD4tf,0.0709,0.432,1,0.573,7,0.687,-4.751,0.122,0.00102,0.723,76.0
7aXuop4Qambx5Oi3ynsKQr,0.178,0.457,1,0.0902,4,0.87,-8.337,0.205,0,0.464,112.974
6cNajGUxKP53LIg0LzlfQt,0.0782,0.333,1,0.156,8,0.647,-8.837,0.547,2.69e-05,0.478,135.877
68vgtRHr7iZHpzGpon6Jlo,0.118,0.676,1,0.0465,5,0.662,-8.238,0.257,0,0.507,86.412
1UfBAJfmofTffrae5ls6DA,0.0549,0.579,1,0.0382,2,0.893,-7.857,0.00226,0.000315,0.639,134.963
5mphdlILgAq3vh1MSvAJTS,0.0498,0.203,1,0.098,0,0.716,-11.203,0.384,0.00222,0.349,129.795
6RBAJlxHY9Ulvw2y7yk4aX,0.0327,0.194,1,0.386,9,0.685,-7.888,0.0761,0.000846,0.404,94.988
6RsWqX8zABZLhZydXxEFOm,0.0482,0.593,0,0.103,9,0.702,-5.416,0.124,0,0.77,107.951
25khomWgBVamSdKw7hzm3l,0.0798,0.109,0,0.137,0,0.356,-7.011,0.0861,0,0.567,135.553
137wbDM4s2ugav7MKO45O9,0.0387,0.316,0,0.368,11,0.409,-5.156,0.0113,5.24e-06,0.579,111.426
5fEWugSKjh5I5DQHl5tkFc,0.112,0.403,0,0.117,5,0.673,-7.26,0.46,0,0.659,101.804
4kte3OcW800TPvOVgrLLj8,0.0337,0.269,1,0.511,5,0.664,-6.559,0.25,0,0.661,124.917
4SRqDmPxYX0pUb5B5ut2Ri,0.31,0.58,1,0.189,6,0.452,-8.336,0.246,0,0.574,92.791
6glklpxk7EtKIdxA3kYQS5,0.145,0.727,1,0.194,1,0.668,-5.714,0.48,0,0.673,171.812
1mr3SqpaUKSaV2gOyt6hgC,0.0381,0.635,1,0.329,11,0.761,-5.942,0.115,2.13e-06,0.797,100.023
0C80KJWvQWIGjbOiIurV1W,0.0356,0.828,0,0.0951,0,0.81,-5.784,0.528,0,0.538,109.97
6zyL6I6jYjTgNInFigLOEX,0.0424,0.662,1,0.0884,11,0.542,-9.263,0.618,0,0.577,148.085
5TKrlEX8tzSgKISp9eKWHz,0.0596,0.79,0,0.11,9,0.845,-5.348,0.187,0,0.651,130.03
2KGjEzCBxCv7dt9pefTi7e,0.328,0.914,1,0.0361,9,0.938,-4.752,0.659,0,0.88,129.051
3i2lwh4ZwTFiVmDWDb9DnC,0.225,0.884,0,0.0413,11,0.906,-7.561,0.0392,1.46e-06,0.744,128.068
2PSsjdKe42nE7gZYA1c6fu,0.038,0.96,1,0.122,7,0.812,-6.322,0.0933,0.000603,0.796,130.061
5oNdTrafZ0joNCikz1Vdjd,0.141,0.596,1,0.183,2,0.832,-5.347,0.234,0,0.69,130.411
2coxlAb4MdWJ9br51D0qn7,0.0981,0.907,0,0.0585,11,0.968,-5.679,0.0418,0,0.6,111.951
4UArceAskfrfcttz7GC5kh,0.335,0.872,0,0.0895,2,0.9,-1.4,0.467,0,0.864,129.948
0tOjswPFjpqVQXKaT5OwuL,0.159,0.872,0,0.468,11,0.923,-5.694,0.277,0,0.891,130.005
1Wsyt5It2PYnht0aDYcNyR,0.397,0.37,0,0.106,10,0.621,-5.082,0.584,0,0.481,172.397
5daPObs4UbM8ZGecl0NIVz,0.0733,0.962,1,0.234,7,0.883,-2.348,0.37,0,0.867,137.941
2h3iMryGa2sybWNpmaPMeH,0.0486,0.967,1,0.155,9,0.743,-4.452,0.757,0,0.954,94.884
7DRP2VOMpy1rrk3iYFLCW9,0.0996,0.712,0,0.203,9,0.91,-4.76,0.177,0,0.804,129.929
1OtZIaJBXo3Pe6nfaMsjKT,0.278,0.947,1,0.0643,7,0.843,-10.713,0.288,8.83e-05,0.569,95.075
1sccdFsL9RKiV9AJfxAB3Z,0.248,0.598,1,0.0641,1,0.839,-3.774,0.261,1.96e-05,0.719,95.053
5sdnNP8Dsa8hCUkz3BNuG9,0.361,0.777,0,0.151,6,0.56,-9.292,0.275,0,0.604,86.172
1LTxGBL6yKtfmW3K8EvbSY,0.0593,0.758,1,0.064,6,0.825,-5.169,0.601,0.00105,0.83,129.911
1bUazU9SSOh02AdlOPeTvm,0.0565,0.793,0,0.055,11,0.91,-2.294,0.468,7.63e-05,0.741,95.008
6m2LNopVJKsvBB9l7Z1rwn,0.127,0.367,1,0.0796,6,0.766,-2.887,0.104,0,0.62,89.988
4aAq1afusFG6jRiOSHQZvN,0.318,0.878,1,0.0593,1,0.94,-1.632,0.576,8.31e-06,0.76,129.948
31Nc0X5M29QssTnYAcOGbH,0.0392,0.396,0,0.3,11,0.574,-9.531,0.457,0.00214,0.497,106.016
3PbsDnKdrZY0ttX7VE9s5R,0.0543,0.653,0,0.582,5,0.526,-5.407,0.0604,1.33e-06,0.894,101.017
0Ln5tJyLX5qusquBOtq7wf,0.0311,0.179,1,0.117,10,0.525,-5.643,0.0874,0.147,0.741,117.031
6C0xucNj75wRdlejwWIEW1,0.0814,0.123,1,0.0914,0,0.237,-6.893,0.0257,2.31e-05,0.919,101.758
0w21XZhGlmIexgtDpmtnzT,0.0363,0.397,1,0.256,9,0.617,-7.395,0.00754,0.000173,0.754,105.281
1mELhA2LJi8xSUhwYfsFcF,0.0245,0.623,0,0.177,1,0.653,-8.882,0.00131,0.0143,0.733,106.756
5JQQQglMJqK8M1DQgB6zkR,0.0346,0.271,0,0.0476,0,0.414,-7.894,0.0696,0.0339,0.648,89.909
7yZTClVYHmNXTFXY55hh7z,0.113,0.276,0,0.31,4,0.492,-4.899,0.0028,9.67e-05,0.908,120.053
1XpKGPSbWsXKxFuqcI5a50,0.0715,0.72,1,0.12,9,0.522,-3.797,0.142,0.195,0.907,134.859
2mqB7fvAVhz2aFB0c5ra2S,0.0304,0.709,1,0.328,1,0.656,-5.13,0.0088,0.0137,0.832,134.008
2UzMpPKPhbcC8RbsmuURAZ,0.032,0.41,1,0.218,5,0.55,-7.591,0.174,0.000347,0.532,85.032
7Jzsc04YpkRwB1zeyM39wE,0.0302,0.635,0,0.224,11,0.509,-5.724,0.00708,0,0.763,97.076
7Hk6vSplBGJ6zK9GcGgeIa,0.0379,0.863,1,0.288,0,0.414,-6.87,0.24,0.0656,0.664,183.67
1bOxsHWMVCf3vAfFMZJvGi,0.0339,0.384,1,0.067,5,0.507,-5.591,0.000824,0.0601,0.847,131.017
0pKrMTlDlW54abYkdBsgxj,0.0339,0.549,0,0.339,11,0.669,-8.322,0.137,0.00374,0.54,97.993
0ryEyJ994SqdJwGJXyS1SF,0.0272,0.435,0,0.107,0,0.483,-9.403,0.124,0.0163,0.42,135.175
63otWg6eWBt3ldXFtDJiXN,0.0332,0.901,0,0.112,5,0.721,-6.471,0.194,0,0.627,130.012
4kTd0TND65MUY4BlcmJ2cM,0.036,0.796,1,0.0834,2,0.698,-6.481,0.0423,7.16e-06,0.627,91.989
3ViMAvyCcmbRauKuoP2GJm,0.0682,0.757,1,0.0788,0,0.66,-4.315,0.000147,6.62e-06,0.837,135.158
0S7zL7ae0KpOSPKeFQpHo8,0.0356,0.778,0,0.376,6,0.535,-4.19,0.00225,0,0.948,103.183
7vhlwjoNX2gsC4YF1wnUmX,0.0439,0.656,0,0.308,11,0.216,-5.176,0.00147,0,0.882,189.286
3gYr4NDoTEOUsHzxfttYPK,0.081,0.394,0,0.0852,11,0.371,-4.917,0.000293,8.75e-05,0.914,134.982
5vefQfYc9Oxn8VHfgUCi1q,0.0449,0.704,1,0.0427,9,0.454,-4.225,0.00998,0,0.778,127.158
7iqTu4OPL3KYs4FMdtLZsy,0.0365,0.312,1,0.197,2,0.634,-5.447,0.0288,0,0.599,112.215
4tBgcKC4ulR8KKQDzh8ViW,0.057,0.586,1,0.255,4,0.339,-5.017,0.00105,0.114,0.932,128.291
6sX68MHBh0nqvHCr1uDTC1,0.046,0.258,1,0.245,9,0.593,-14.342,0.358,0,0.333,103.537
1FJ7sEf02HAmfVTEfQvmOV,0.0578,0.227,1,0.0885,0,0.528,-5.803,0.00236,5.35e-05,0.869,140.249
2bZ7OXzULD6d6qr137kR83,0.0619,0.624,0,0.078,11,0.469,-6.638,0.00013,0.0577,0.738,180.15
6rxEjkoar48SssZePbtb2x,0.0309,0.422,0,0.084,11,0.765,-12.379,0.818,0.374,0.486,122.908
2SMn57cBVxoD4TArscpovk,0.0712,0.668,1,0.147,4,0.863,-11.103,0.749,0.183,0.474,124.038
7DImv0qWPEiAYUPJ0yKuDd,0.0762,0.369,1,0.113,2,0.835,-15.876,0.557,0.456,0.182,119.98
3m6KkYKdnbffMpGd9Pm9FP,0.0864,0.303,0,0.272,4,0.745,-7.62,0.00666,0.35,0.466,123.889
7kzKAuUzOITUauHAhoMoxA,0.0297,0.767,1,0.0789,0,0.624,-5.703,0.0285,0.000198,0.91,104.042
57Xjny5yNzAcsxnusKmAfA,0.033,0.741,1,0.101,9,0.486,-5.084,0.000563,0.789,0.666,157.992
6u0x5ad9ewHvs3z6u9Oe3c,0.054,0.589,1,0.0676,11,0.357,-3.364,0.00419,0.285,0.775,199.853
0d28khcov6AiegSCpG5TuT,0.177,0.772,1,0.613,6,0.818,-6.679,0.00836,0.00233,0.705,138.559
6ooluO7DiEhI1zmK94nRCM,0.0371,0.494,1,0.136,9,0.278,-8.821,0.000423,0.000899,0.676,104.545
1g7zNtcGrWt8gcBRwDQEkf,0.0707,0.21,1,0.151,1,0.502,-9.296,0.397,0.000744,0.507,139.931
2npeMAnR3c6kqVSBYD5N3d,0.0813,0.496,1,0.111,11,0.307,-6.336,0.0181,2.65e-05,0.876,157.611
3aABdPd96JkyvI9ZmHPLIZ,0.151,0.708,1,0.349,7,0.283,-4.073,0.00016,5.95e-06,0.96,161.158
2Uf9WTBWMA8S9Lh3k3Rui6,0.0817,0.761,0,0.151,10,0.541,-5.187,0.0235,9.19e-05,0.873,150.901
3skv0Lg9u0Tqkoqqnb7hR9,0.0305,0.388,0,0.091,9,0.427,-6.527,0.00296,0,0.508,80.976
0AzqSUuCrdarY2vMIVE9MQ,0.0836,0.409,1,0.341,7,0.405,-4.762,0.00105,0,0.927,152.971
5SqiD82UJWdyXfpwOCtz8K,0.0286,0.738,0,0.178,11,0.38,-5.555,7.51e-05,0,0.706,133.217
7zH2cCP5YgcxxXqJv8bR4W,0.0464,0.526,1,0.295,3,0.236,-5.794,0.00593,0,0.833,160.449
183dmxsVBTqXz6QYPM0P6b,0.126,0.662,1,0.0966,2,0.299,-3.724,0.14,0.000886,0.973,187.545
6KrDeVGu3LZpZRDzebWXkY,0.0311,0.567,0,0.197,11,0.346,-4.578,5.65e-05,0,0.845,144.365
5tRmY20HtEb4Vc56FuMsaX,0.0405,0.781,1,0.111,6,0.615,-4.751,6.31e-05,1.65e-06,0.706,147.03
4xT5yG107vSqVLKxq2NMk6,0.0481,0.522,1,0.0998,2,0.287,-5.258,0.000463,0,0.86,171.837
2UX8moWR8EvEr2DKitSpmu,0.0725,0.815,1,0.25,4,0.451,-4.115,7.01e-05,6.1e-05,0.947,156.18
5DIZryXN98LQkCqlxpVXyU,0.0546,0.665,1,0.359,5,0.504,-2.368,0.0192,0,0.972,168.012
3RDZTFpR9yUQK5i7388iDf,0.158,0.418,0,0.372,5,0.336,-3.432,0.00125,0,0.996,101.254
4hZDBvGYod7LCKzyknm9nz,0.181,0.792,1,0.325,8,0.406,-5.351,0.1,1.51e-06,0.924,103.764
0GJ8Bg1URiReZKHm3JcyiL,0.0385,0.971,0,0.354,0,0.717,-3.192,0.0626,2.43e-05,0.871,147.622
48WQyt5YKRWBS1RKt9ISCI,0.0658,0.556,0,0.153,10,0.608,-5.906,0.0799,0,0.95,103.192
1FOFkjtIg0ekiCiNA3HPoW,0.0505,0.554,1,0.201,1,0.572,-5.466,0.00275,0.00139,0.949,101.567
3QI5bIozef0HZ1kJnA2RdT,0.0301,0.325,0,0.108,1,0.523,-10.043,0.352,0.24,0.489,77.37
70dJEanFPdYuWZumkrnKeX,0.0272,0.879,1,0.13,6,0.676,-7.28,0.424,0.000147,0.657,105.002
2m2QV4YsDoVNQ9Y6THdSg4,0.0341,0.693,1,0.181,11,0.586,-9.29,0.769,0.0001,0.487,123.897
006pMMCuRo2TFjh8sNGSov,0.065,0.768,0,0.101,3,0.346,-10.602,0.888,0,0.433,77.963
6C6315RjrDrqj1oqaJVGY8,0.0382,0.644,1,0.108,6,0.771,-7.276,0.762,0.00454,0.631,97.054
6Sk1mETx99njkPH3MIRTn3,0.0457,0.806,0,0.0934,11,0.431,-5.522,0.000217,3.11e-05,0.848,163.139
7ioUnvcguBJghLH6EMz4FG,0.0463,0.723,1,0.928,1,0.324,-6.756,0.0101,0.00696,0.835,164.831
3TfepFQzCxXusZ0wcFydpd,0.0361,0.467,0,0.338,4,0.467,-5.113,0.00801,2.34e-05,0.815,134.978
6RyWmYt2GU3syQCDu1nczh,0.0355,0.666,1,0.1,8,0.602,-3.989,0.017,0.000898,0.804,124.998
6iMZdXJgaGHB4Z2t2bNJ0l,0.0307,0.534,1,0.0908,6,0.539,-6.553,0.0454,4.37e-05,0.669,123.266
2GikkUicu2OpS7RkZezE8p,0.0257,0.555,1,0.11,2,0.63,-9.14,0.846,0.0785,0.495,109.02
39ekic3R4jIELhCjHJ7R3g,0.0335,0.275,0,0.0939,11,0.625,-10.476,0.809,0.00594,0.315,100.029
35689kbAwieHK4YNmwEisS,0.0352,0.519,1,0.097,6,0.617,-4.932,0.263,0,0.697,131.981
5oAqAKoKpKrF5YTNXVxdum,0.044,0.349,1,0.0609,10,0.417,-4.641,0.0562,1.13e-06,0.873,134.878
6HhXiy5XZ81Pyv3yCZMtj1,0.0358,0.416,1,0.188,2,0.302,-6.466,0.514,0,0.693,167.426
3bh1DBnd4yFX71qd1nQVfo,0.0362,0.181,1,0.913,0,0.476,-9.757,0.881,8.94e-05,0.406,145.839
3z2PwC8HC26vbOpsBS5Nrr,0.0304,0.332,1,0.743,0,0.401,-9.681,0.86,3.31e-06,0.33,138.711
71iogkuXi7nAfFbqMGDTri,0.0272,0.331,1,0.0926,0,0.365,-6.127,0.00288,0,0.686,184.083
6RRci0rkrotugqtF9GOins,0.0281,0.184,0,0.114,2,0.269,-6.745,0.42,0.000434,0.47,150.341
3eMkpAa2ntFVStoZ91XoD9,0.0783,0.341,1,0.191,8,0.36,-7.01,0.353,5.37e-06,0.55,154.257
2Wo9g52HBAuThdJaUEYKdY,0.433,0.541,1,0.0514,9,0.535,-6.017,0.255,8.89e-06,0.668,142.983
13W0k7mAHSlNgYLygFPvbd,0.0703,0.769,1,0.106,0,0.456,-4.858,0.0166,0.109,0.79,123.775
7sqii6BhIDpJChYpU3WjwS,0.363,0.414,0,0.153,3,0.595,-10.128,0.195,0.202,0.788,97.012
7Cg3F9ZsZ2TYUnlza49NYh,0.0277,0.674,0,0.315,6,0.542,-8.333,0.173,0.942,0.749,94.031
2Yz2Z1ENB85nYrK3Rg2qxO,0.0362,0.211,1,0.437,8,0.606,-10.539,0.385,0.29,0.408,110.01
7iE9oBkH73M1K74gyjjx7c,0.0594,0.336,0,0.118,9,0.734,-10.079,0.29,0.775,0.553,135.037
0CPEvRFKdvpK0veEeY56T6,0.0614,0.0495,1,0.114,0,0.679,-6.76,0.0707,0.948,0.95,119.905
6uoM7KHsyJsHZqBQHKjQbc,0.0246,0.338,0,0.0966,0,0.525,-9.023,0.732,0.936,0.499,87.989
4yX50PMifhGzVEo1wv3guc,0.0464,0.245,0,0.0938,5,0.549,-7.555,0.0309,0.888,0.663,114.494
6koWevx9MqN6efQ6qreIbm,0.0317,0.382,1,0.127,9,0.659,-7.816,0.329,0.909,0.716,139.952
2qC1sUo8xxRRqYsaYEdDuZ,0.0353,0.598,1,0.0746,1,0.552,-5.767,0.0585,0.892,0.878,176.057
1vdN00jfVssgwJBMwmSAoT,0.0396,0.39,0,0.114,5,0.651,-7.278,0.497,0.903,0.72,128.017
0oWO6fBIJYr9YSGtZ0pS4v,0.0378,0.166,0,0.112,11,0.427,-4.935,0.00341,0.744,0.903,138.545
2Jjb32TIIno8Tv1aPwBe3W,0.0656,0.253,0,0.189,0,0.488,-7.522,0.00804,0.768,0.888,141.975
4YtMhT2Ko6FRwQoWcswYss,0.0407,0.0585,0,0.18,4,0.615,-5.389,0.00347,0.00119,0.738,112.002
6KCiwJ61w9rsDOg5t1RRsQ,0.0904,0.294,1,0.0763,4,0.538,-4.294,0.018,0.00102,0.874,145.143
0pNudiGi9RDmRum6DmXGvg,0.0522,0.783,0,0.196,2,0.447,-6.254,0.339,0.00834,0.745,149.992
5XAiCKoVDBPx71rMRD0ynk,0.0307,0.276,0,0.101,8,0.575,-3.962,0.144,0.00128,0.798,102.077
3Zv7maR2hRGoIp3WWP18mW,0.344,0.492,1,0.307,8,0.434,-2.898,0.0869,0.136,0.934,160.112
1iSh2Hq0bu7M8UUWM37yWz,0.0461,0.901,1,0.0962,10,0.67,-8.051,0.555,0.85,0.915,123.179
6vcd0sKmiioXQKbcZPr7gq,0.0421,0.545,0,0.106,1,0.589,-7.493,0.551,0.151,0.557,99.987
5ZrrXIYTvjXPKVQMjqaumR,0.0382,0.858,0,0.208,7,0.718,-7.162,0.109,0.822,0.703,87.975
34v7Zs9a64h1xC3PWrmypP,0.0532,0.82,0,0.528,7,0.79,-4.704,0.0275,0.369,0.692,100.264
4EBisBBehGON4ESJsNZBsP,0.0669,0.785,1,0.0415,1,0.703,-7.522,0.0479,0.432,0.718,115.993
79gyBvPc2zj3oIrhI50Eag,0.0355,0.294,0,0.138,2,0.438,-6.158,0.19,0.0474,0.529,79.929
76MV7OyHilsf3lSjVnkBl3,0.241,0.259,0,0.213,8,0.861,-12.116,0.609,0.848,0.445,151.076
3Qucz2EpOkNo1rx6tKUQlC,0.418,0.711,1,0.0883,1,0.723,-7.891,0.103,0.218,0.432,163.973
2Yi7Bh4OFdRfgzWptNR8Ob,0.0499,0.17,1,0.0779,3,0.762,-18.287,0.845,0.927,0.18,101.809
49VY7zaIgfNI96qdK1Xi2l,0.248,0.0723,1,0.133,5,0.767,-9.231,0.739,0.903,0.532,80.032
3u1Er1rkjn1oSz1xdZH3ZD,0.0601,0.725,0,0.442,5,0.641,-4.289,0.0483,0.000276,0.967,113.017
5Fli1xRi01bvCjsZvKWro0,0.0458,0.764,1,0.167,8,0.632,-3.511,0.00762,0.000172,0.908,110.024
7tvOve5IkjYenvqScZ75iQ,0.0584,0.801,1,0.113,1,0.651,-3.831,0.00933,0,0.866,113.945
3FtYbEfBqAlGO46NUDQSAt,0.035,0.559,1,0.348,1,0.763,-3.714,0.0714,0.28,0.807,103.038
1jJci4qxiYcOHhQR247rEU,0.0719,0.172,1,0.361,9,0.451,-3.871,0.00076,0.0049,0.931,122.961
3InbeZjHjrCOZKAwq8QR0E,0.213,0.671,0,0.217,9,0.479,-5.248,3.12e-05,0.096,0.724,162.965
6EuSqrL9s4PywYiKPtDuT0,0.0284,0.611,0,0.111,4,0.649,-5.426,0.00982,0.000364,0.533,96.973
76d991vOJOyIRsUdeciKjM,0.043,0.519,1,0.0927,0,0.534,-4.943,0.000102,0.00226,0.755,148.008
2C05mj3y2hFJHJPlSI1vGo,0.0382,0.638,1,0.116,0,0.698,-7.986,0.0163,0.000803,0.746,138.137
29U1azNyQN2vSqIquF9srD,0.0393,0.272,0,0.0658,11,0.507,-5.399,0.0182,1.4e-06,0.729,105.013
61dCUoMCg28qEBzrW6htYM,0.0377,0.549,1,0.193,11,0.799,-6.735,0.162,2.03e-06,0.586,120.97
3wPPWcVuinAU7dXcJXtCID,0.0308,0.27,0,0.0903,6,0.774,-5.193,0.107,0,0.644,125.094
4Sfa7hdVkqlM8UW5LsSY3F,0.0368,0.445,1,0.315,11,0.566,-5.526,0.0338,0,0.755,101.006
7GyDcM22nxCJHcQa11fbYk,0.0308,0.93,1,0.1,8,0.819,-6.423,0.0336,2.08e-06,0.681,108.989
6QewNVIDKdSl8Y3ycuHIei,0.0761,0.265,0,0.298,10,0.394,-6.506,0.00178,4.54e-06,0.944,105.338
1L94M3KIu7QluZe63g64rv,0.0422,0.595,0,0.402,11,0.284,-6.069,0.00752,0.000461,0.875,75.009
2B98ljvzqpCVgt5reTHq28,0.0387,0.267,1,0.0791,2,0.445,-7.937,0.165,1.56e-05,0.671,125.712
3MODES4TNtygekLl146Dxd,0.0336,0.886,1,0.225,9,0.468,-11.367,0.072,0.000852,0.607,98.429
0hCB0YR03f6AmQaHbwWDe8,0.405,0.422,1,0.405,9,0.412,-11.6,0.0484,0.131,0.902,89.74
51pQ7vY7WXzxskwloaeqyj,0.0339,0.213,1,0.185,7,0.346,-12.453,0.575,0.00674,0.335,84.204
7LRMbd3LEoV5wZJvXT1Lwb,0.302,0.435,1,0.101,9,0.754,-5.218,0.153,0.000114,0.759,126.367
57bgtoPSgt236HzfBOd8kj,0.0364,0.257,1,0.217,4,0.501,-5.175,0.000147,0.0114,0.889,133.519
2zYzyRzz6pRmhPzyfMEC8s,0.132,0.422,0,0.156,6,0.573,-4.793,0.0591,0.00173,0.913,115.715
08mG3Y1vljYA6bvDt4Wqkj,0.047,0.763,1,0.0828,9,0.31,-5.678,0.011,0.00965,0.7,188.386
6yl8Es1tCYD9WdSkeVLFw4,0.0566,0.769,1,0.297,7,0.529,-5.51,0.00224,0.000685,0.768,127.316
62nQ8UZVqR2RMvkJHkcO2o,0.0438,0.287,1,0.182,2,0.285,-6.472,0.0404,0,0.846,108.808
5Xak5fmy089t0FYmh3VJiY,0.0308,0.2,0,0.34,4,0.36,-6.457,0.323,0,0.684,77.15
5zH710lFSLtkHbMkslLDjR,0.0332,0.383,0,0.132,9,0.427,-12.442,0.116,0.000103,0.459,129.878
27BiHcQDEkxVn69zy1t3Es,0.0613,0.6,0,0.137,4,0.51,-4.073,0.00368,0.0365,0.926,137.374
4DMKwE2E2iYDKY01C335Uw,0.0319,0.793,1,0.446,7,0.483,-5.735,0.00316,8.86e-05,0.786,126.748
63OFKbMaZSDZ4wtesuuq6f,0.0919,0.53,1,0.221,2,0.438,-12.412,0.262,0.537,0.71,145.928
4BYGxv4rxSNcTgT3DsFB9o,0.0786,0.434,1,0.0668,2,0.529,-5.249,0.00627,0.728,0.898,108.599
3VMMmMR4IYL28n7oKHyUoD,0.0359,0.569,1,0.0332,9,0.349,-5.659,0.00351,0.329,0.757,166.717
7x8dCjCr0x6x2lXKujYD34,0.0431,0.365,1,0.028,9,0.433,-4.04,0.000917,0,0.959,172.984
5UWwZ5lm5PKu6eKsHAGxOk,0.0369,0.356,0,0.0805,11,0.412,-5.54,5.96e-05,0.00031,0.882,158.066
